text,intent
Hi,greeting
How are you?,greeting
Is anyone there?,greeting
Hello,greeting
Good day,greeting
What's up,greeting
how are ya,greeting
heyy,greeting
whatsup,greeting
??? ??? ??,greeting
Hi po,greeting
Kumusta,greeting
Magandang araw po,greeting
"Uy, pwede magtanong",greeting
cya,goodbye
see you,goodbye
bye bye,goodbye
See you later,goodbye
Goodbye,goodbye
I am Leaving,goodbye
Bye,goodbye
Have a Good day,goodbye
talk to you later,goodbye
ttyl,goodbye
i got to go,goodbye
gtg,goodbye
Sige salamat po,goodbye
"Ok thank you po, aalis na ako",goodbye
Paalam na po,goodbye
name,name
your name,name
do you have a name,name
what are you called,name
what is your name,name
what should I call you,name
whats your name?,name
what are you,name
who are you,name
who is this,name
what am i chatting to,name
who am i taking to,name
what are you,name
Ano pangalan mo,name
Sino ka,name
Meron ka bang pangalan,name
timing of college,hours
what is college timing,hours
working days,hours
when are you guys open,hours
what are your hours,hours
hours of operation,hours
when is the college open,hours
college timing,hours
what about college timing,hours
is college open on saturday,hours
tell something about college timing,hours
what is the college  hours,hours
when should i come to college,hours
when should i attend college,hours
what is my college time,hours
college timing,hours
timing college,hours
Anong oras bukas ang opisina,hours
Hanggang kailan bukas ang school,hours
Kailan sarado ang office,hours
hours,hours
office hours,hours
schedule,hours
more info,number
contact info,number
how to contact college,number
college telephone number,number
college number,number
What is your contact no,number
Contact number?,number
how to call you,number
College phone no?,number
how can i contact you,number
Can i get your phone number,number
how can i call you,number
phone number,number
phone no,number
call,number
Anong contact number ng school,number
Paano ko kayo matatawagan,number
Meron bang number na pwede tawagan,number
contact,number
contact number,number
where is the college located,location
college is located at,location
where is college,location
where is college located,location
address of college,location
how to reach college,location
college location,location
college address,location
wheres the college,location
how can I reach college,location
whats is the college address,location
what is the address of college,location
address,location
location,location
Saan po ang NU Laguna,location
Ano address ng campus,location
Paano pumunta dun,location
events organised,event
list of events,event
list of events organised in college,event
list of events conducted in college,event
What events are conducted in college,event
Are there any event held at college,event
Events?,event
functions,event
what are the events,event
tell me about events,event
what about events,event
Anong mga event ngayon,event
May activity ba this week,event
Kailan susunod na event,event
document to bring,document
documents needed for admision,document
documents needed at the time of admission,document
documents needed during admission,document
documents required for admision,document
documents required at the time of admission,document
documents required during admission,document
What document are required for admission,document
Which document to bring for admission,document
documents,document
what documents do i need,document
what documents do I need for admission,document
documents needed,document
Anong requirements kailangan,document
Saan kumuha ng TOR,document
Paano mag-request ng document,document
requirements,document
is there any library,library
library facility,library
library facilities,library
do you have library,library
does the college have library facility,library
college library,library
where can i get books,library
book facility,library
Where is library,library
Library,library
Library information,library
Library books information,library
Tell me about library,library
how many libraries,library
Anong oras bukas ang library,library
Paano mangutang ng libro,library
San po yung LRC,library
library,library
lrc,library
food facilities,canteen
canteen facilities,canteen
canteen facility,canteen
is there any canteen,canteen
Is there a cafetaria in college,canteen
Does college have canteen,canteen
Where is canteen,canteen
where is cafetaria,canteen
canteen,canteen
Food,canteen
Cafetaria,canteen
Anong oras bukas ang canteen,canteen
Saan pwede kumain,canteen
caf,canteen
cantten,canteen
What is college placement,placement
Which companies visit in college,placement
What is average package,placement
companies visit,placement
package,placement
About placement,placement
placement,placement
recruitment,placement
companies,placement
May tulong ba sa paghahanap ng trabaho,placement
Paano mag-apply sa OJT,placement
ojt,placement
job,placement
scholarship,scholarship
Is scholarship available,scholarship
scholarship engineering,scholarship
scholarship it,scholarship
scholarship ce,scholarship
scholarship mechanical,scholarship
scholarship civil,scholarship
scholarship chemical,scholarship
scholarship for AI/ML,scholarship
available scholarships,scholarship
scholarship for computer engineering,scholarship
scholarship for IT engineering,scholarship
scholarship for mechanical engineering,scholarship
scholarship for civil engineering,scholarship
scholarship for chemical engineering,scholarship
list of scholarship,scholarship
comps scholarship,scholarship
IT scholarship,scholarship
mechanical scholarship,scholarship
civil scholarship,scholarship
chemical scholarship,scholarship
automobile scholarship,scholarship
first year scholarship,scholarship
second year scholarship,scholarship
third year scholarship,scholarship
fourth year scholarship,scholarship
May scholarship ba,scholarship
Paano mag-apply ng iskolarship,scholarship
Sino pwede mag-apply ng scholarship,scholarship
scholar,scholarship
scholarship,scholarship
information about fee,fees
information on fee,fees
tell me the fee,fees
college fee,fees
fee per semester,fees
what is the fee of each semester,fees
what is the fees of each year,fees
what is fee,fees
what is the fees,fees
how much is the fees,fees
fees for first year,fees
fees,fees
about the fees,fees
tell me something about the fees,fees
What is the fees of hostel,fees
how much is the fees,fees
hostel fees,fees
fees for AC room,fees
fees for non-AC room,fees
fees for Ac room for girls,fees
fees for non-Ac room for girls,fees
fees for Ac room for boys,fees
fees for non-Ac room for boys,fees
Magkano ang tuition,fees
Paano magbayad ng fees,fees
Saan magbayad ng tuition,fees
Pwede po bang installment ang bayad,fees
tuition,fees
payment,fees
Syllabus for IT,syllabus
what is the Information Technology syllabus,syllabus
syllabus,syllabus
timetable,syllabus
what is IT syllabus,syllabus
syllabus,syllabus
What is next lecture,syllabus
Saan makuha ang syllabus,syllabus
Meron bang syllabus online,syllabus
course sched,syllabus
what can you do,task
what are the thing you can do,task
things you can do,task
what can u do for me,task
how u can help me,task
why i should use you,task
Ano kaya mong gawin,task
Anong tulong pwede mo ibigay,task
para saan ka,task
what are you for,task
task,task
okk,salutation
okie,salutation
nice work,salutation
well done,salutation
good job,salutation
thanks for the help,salutation
Thank You,salutation
its ok,salutation
Thanks,salutation
Good work,salutation
k,salutation
ok,salutation
okay,salutation
Ok salamat po,salutation
"Ayos, thank you",salutation
How do I log into the student portal,portal_login
I forgot my student portal password,portal_login
How to reset my portal password,portal_login
Why cant I access the student portal,portal_login
What do I do if my portal account is locked,portal_login
Paano mag-login sa portal,portal_login
Nakalimutan ko po password ko,portal_login
Hindi ako makapasok sa account ko,portal_login
portal,portal_login
student portal,portal_login
login,portal_login
How do I connect to campus wifi,wifi_connection
What is the wifi password for the university,wifi_connection
Why is the campus internet not working,wifi_connection
How to connect my phone to school wifi,wifi_connection
I cant connect to the university network,wifi_connection
Paano kumonekta sa wifi,wifi_connection
Bakit ayaw kumonekta ang wifi,wifi_connection
Anong password ng wifi,wifi_connection
wifi,wifi_connection
internet,wifi_connection
wifi password,wifi_connection
How do I access my online classes,lms_access
Where do I find my course materials,lms_access
How to log into the learning management system,lms_access
Why cant I see my class on the LMS,lms_access
How do I submit an assignment online,lms_access
Paano makita ang klase online,lms_access
Bakit di ko makita yung subject ko,lms_access
Paano mag-submit ng assignment online,lms_access
lms,lms_access
online class,lms_access
online classes,lms_access
olc,lms_access
How do I set up my student email,student_email
I forgot my student email password,student_email
How to reset my school email account,student_email
Why is my student email not working,student_email
How do I access my university email on my phone,student_email
Paano gawin ang student email,student_email
Nakalimutan ko po password ng email ko,student_email
Bakit hindi gumagana yung email ko,student_email
email,student_email
student email,student_email
email password,student_email
email acc,student_email
How do I check my grades,check_grades
Where can I see my exam results,check_grades
How to view my transcript,check_grades
When will grades be released,check_grades
How do I request a copy of my grades,check_grades
Anong grade ko sa exam,check_grades
Saan makikita ang grades ko,check_grades
Kailan lalabas ang grades,check_grades
Paano makuha ang TOR ko,check_grades
May pasok ba ang grades online,check_grades
grades,check_grades
grade,check_grades
How do I enroll for next semester,enrollment_registration
How to register for classes,enrollment_registration
What is the deadline for enrollment,enrollment_registration
How do I add or drop a class,enrollment_registration
Can I still enroll late,enrollment_registration
Paano mag-enroll ulit next sem,enrollment_registration
Kailan ang huling araw ng enrollment,enrollment_registration
Paano mag-drop ng subject,enrollment_registration
Pwede pa po ba mag-enroll late,enrollment_registration
Saan mag-enroll online,enrollment_registration
reg,enrollment_registration
registration,enrollment_registration
enroll,enrollment_registration
enrollment,enrollment_registration
what is the process of admission,admission
what is the admission process,admission
How to take admission in your college,admission
What is the process for admission,admission
admission,admission
admission process,admission
Paano mag-apply,admission
Anong requirements sa pag-enroll,admission
Pwede pa po bang mag-enroll,admission
max number of students,admission
number of seats per branch,admission
number of seats in each branch,admission
maximum number of seats,admission
maximum students intake,admission
What is college intake,admission
how many stundent are taken in each branch,admission
seat allotment,admission
seats,admission
Ilan estudyante tinatanggap,admission
apply,admission
admision,admission
size of campus,building_floors
building size,building_floors
How many floors does college have,building_floors
floors in college,building_floors
floors in college,building_floors
how tall is UNI's College of Engineering college building,building_floors
floors,building_floors
Who is HOD,program_chair
Where is HOD,program_chair
it hod,program_chair
name of it hod,program_chair
Sino po ang IT head,program_chair
Sino chairperson ng IT department,program_chair
Who is computer HOD,program_chair
Where is computer HOD,program_chair
computer hod,program_chair
name of computer hod,program_chair
Sino head ng computer science,program_chair
Who is extc HOD,program_chair
Where is  extc HOD,program_chair
extc hod,program_chair
name of extc hod,program_chair
Sino head ng ECE department,program_chair
hod,program_chair
hod name,program_chair
who is the hod,program_chair
Sino head ng department,program_chair
Who's the department chair for IT?,program_chair
Sino po ang chairperson ng Computer Science department?,program_chair
How do I contact my program chair?,program_chair
Paano makontak ang department head?,program_chair
department chair contact,program_chair
scs hod?,program_chair
sea hod?,program_chair
sabm hod?,program_chair
IT hod?,program_chair
CS hod?,program_chair
IS hod?,program_chair
engineer hod?,program_chair
mma hod?,program_chair
program chair,program_chair
archi hod?,program_chair
architecture hod?,program_chair
eng hod?,program_chair
psych hod?,program_chair
psychology hod?,program_chair
ba comm hod?,program_chair
tm hod?,program_chair
tourism hod,program_chair
exam dates,sem
exam schedule,sem
When is semester exam,sem
Semester exam timetable,sem
sem,sem
semester,sem
exam,sem
when is exam,sem
exam timetable,sem
exam dates,sem
when is semester,sem
Kailan magsisimula ang sem,sem
Ilang units bawat sem,sem
holidays,vacation
when will semester starts,vacation
when will semester end,vacation
when is the holidays,vacation
list of holidays,vacation
Holiday in these year,vacation
holiday list,vacation
about vacations,vacation
about holidays,vacation
When is vacation,vacation
When is holidays,vacation
how long will be the vacation,vacation
Kailan ang bakasyon,vacation
Kailan magsisimula ang semestral break,vacation
sports and games,sports
give sports details,sports
sports infrastructure,sports
sports facilities,sports
information about sports,sports
Sports activities,sports
please provide sports and games information,sports
Anong sports meron,sports
May varsity ba,sports
what are the different committe in college,committee
different committee in college,committee
Are there any committee in college,committee
Give me committee details,committee
committee,committee
how many committee are there in college,committee
Sino nasa committee,committee
Paano sumali sa isang committee?,committee
List of student committees,committee
Is there a student council committee?,committee
committee,committee
commitee,committee
student council,committee
comitee,committee
hostel facility,dormitory
hostel servive,dormitory
hostel location,dormitory
hostel address,dormitory
hostel facilities,dormitory
hostel fees,dormitory
Does college provide hostel,dormitory
Is there any hostel,dormitory
Where is hostel,dormitory
do you have hostel,dormitory
do you guys have hostel,dormitory
hostel,dormitory
hostel capacity,dormitory
what is the hostel fee,dormitory
how to get in hostel,dormitory
what is the hostel address,dormitory
how far is hostel from college,dormitory
hostel college distance,dormitory
where is the hostel,dormitory
how big is the hostel,dormitory
distance between college and hostel,dormitory
distance between hostel and college,dormitory
May dorm ba,dormitory
Meron bang tirahan sa campus,dormitory
Paano mag-apply sa dorm,dormitory
dorm,dormitory
dormitory,dormitory
hostle,dormitory
drom,dormitory
domr,dormitory
host,dormitory
college dress code,uniform
college dresscode,uniform
what is the uniform,uniform
can we wear casuals,uniform
Does college have an uniform,uniform
Is there any uniform,uniform
uniform,uniform
what about uniform,uniform
do we have to wear uniform,uniform
Ano po ang uniform,uniform
Saan bibili ng uniform,uniform
unif,uniform
Can I wear sleeveless clothes?,dress_code
What's the dress code on wash days?,dress_code
Can boys have piercings or earrings?,dress_code
Can I dye my hair a bright color?,dress_code
Is vaping or smoking allowed on campus?,dress_code
Do I need my COR for PE uniform?,dress_code
What do I need to show for NSTP uniform?,dress_code
dress code,dress_code
Pwede ba mag-vape sa campus,dress_code
Bawal ba ang piercing,dress_code
Ano bawal isuot sa school,dress_code
What facilities college provide,facilities
College facility,facilities
What are college facilities,facilities
facilities,facilities
facilities provided,facilities
Anong pasilidad meron dito,facilities
how is college infrastructure,facilities
infrastructure,facilities
college infrastructure,facilities
Anong facilities meron,facilities
May clinic ba sa campus?,facilities
What labs are available?,laboratories
labs?,laboratories
What laboratories does NU Laguna have?,laboratories
Is there a chemistry lab?,laboratories
Where do I do my drafting work?,laboratories
Does NU Laguna have a psychology lab?,laboratories
computer laboratories,laboratories
Anong laboratories meron,laboratories
May gym ba dito,sports_facilities
Does the campus have a gym?,sports_facilities
What sports facilities does NU Laguna have?,sports_facilities
Is there a swimming pool?,sports_facilities
Where can I play basketball?,sports_facilities
Is there a football field?,sports_facilities
sports infrastructure,sports_facilities
Anong sports facilities meron,sports_facilities
What is Bulldogs Exchange?,bulldogs_exchange
Where is Bulldogs Exchange?,bulldogs_exchange
Where can I buy NU merchandise?,bulldogs_exchange
Where can I buy my uniform?,bulldogs_exchange
Where can I buy NU shirts?,bulldogs_exchange
What does Bulldogs Exchange sell?,bulldogs_exchange
What merchandise does NU Laguna sell?,bulldogs_exchange
Where is the NU merchandise store?,bulldogs_exchange
What time does Bulldogs Exchange open?,bulldogs_exchange
What time does Bulldogs Exchange close?,bulldogs_exchange
Where can I buy a NU jacket?,bulldogs_exchange
Saan ang Bulldogs Exchange?,bulldogs_exchange
Saan bumili ng uniform?,bulldogs_exchange
Saan pwede bumili ng NU merchandise?,bulldogs_exchange
Anong tinda sa Bulldogs Exchange?,bulldogs_exchange
list of courses,program
list of courses offered,program
what are the courses offered in your college?,program
courses?,program
courses offered,program
courses you offer,program
branches?,program
can you tell me the courses available in UNI?,program
Anong mga kurso meron,program
Anong course pwede kunin,program
Ano available na programs,program
What programs does NU Laguna offer?,program
What programs are offered?,program
list of programs,program
what programs do you have,program
what degree programs are there,program
What programs are under SEA?,sea_programs
What programs are offered by SEA?,sea_programs
What programs does SEA offer?,sea_programs
What courses are under SEA?,sea_programs
What degrees are under SEA?,sea_programs
SEA programs,sea_programs
Programs under School of Engineering and Architecture,sea_programs
Ano ang programs under SEA?,sea_programs
Anong programs ang meron sa SEA?,sea_programs
What programs are under SABM?,sabm_programs
What programs are offered by SABM?,sabm_programs
What programs does SABM offer?,sabm_programs
What degrees are under SABM?,sabm_programs
SABM programs,sabm_programs
Programs under School of Accountancy Business and Management,sabm_programs
Ano ang programs under SABM?,sabm_programs
Anong programs ang meron sa SABM?,sabm_programs
What programs are under SCS?,scs_programs
What programs are offered by SCS?,scs_programs
What programs does SCS offer?,scs_programs
What degrees are under SCS?,scs_programs
SCS programs,scs_programs
Programs under School of Computing Studies,scs_programs
Ano ang programs under SCS?,scs_programs
Anong programs ang meron sa SCS?,scs_programs
What programs are under SAS?,sas_programs
What programs are offered by SAS?,sas_programs
What programs does SAS offer?,sas_programs
What degrees are under SAS?,sas_programs
SAS programs,sas_programs
Programs under School of Arts and Sciences,sas_programs
Ano ang programs under SAS?,sas_programs
Anong programs ang meron sa SAS?,sas_programs
What strands are offered in SHS?,shs_strands
What strands are under SHS?,shs_strands
What are the SHS strands?,shs_strands
SHS strands,shs_strands
What can I take in senior high school?,shs_strands
What strands does NU Laguna offer?,shs_strands
Ano ang strands sa SHS?,shs_strands
Anong strand ang meron sa NU Laguna?,shs_strands
ragging,hazing_policy
is ragging practice active in college,hazing_policy
does college have any antiragging facility,hazing_policy
is there any ragging cases,hazing_policy
is ragging done here,hazing_policy
ragging against,hazing_policy
antiragging facility,hazing_policy
ragging juniors,hazing_policy
ragging history,hazing_policy
ragging incidents,hazing_policy
May hazing ba dito,hazing_policy
Paano mag-report ng bullying,hazing_policy
Paano mag-report ng hazing?,hazing_policy
Anti-hazing policy ng school,hazing_policy
bullying,hazing_policy
bully,hazing_policy
Where is the Discipline Office?,discipline_office
Where is the Guidance Office?,discipline_office
How do I report a concern to the Discipline Office?,discipline_office
Saan ang Discipline Office?,discipline_office
Saan ang Guidance Office?,discipline_office
Paano mag-report sa Discipline Office,discipline_office
